Métrica,Valor
Exactitud,0.975
Precisión,0.9896907216494846
Sensibilidad,0.96
F1-score,0.9746192893401016
