Métrica,Valor
Precisión,0.9979879275653923
Recall,0.992
F1-score,0.9949849548645938
